stt,don_vi_xhtn,doi_tuong_xhtn,ma_tp,com_id,ten_tcph,ket_qua_xhtn,hieu_luc_tu_ngay,loai_xep_hang,file_id
1,Công ty cổ phần Sài Gòn Phát Thịnh Ratings (Saigon Ratings),Tổ chức phát hành,,MSGC,CTCP MAY- DIÊM SÀI GÒN,vnBBB-,19/08/2025,Dài hạn,765
2,Công ty cổ phần Xếp hạng Tín nhiệm Đầu tư Việt Nam (VIS Ratings),Tổ chức phát hành,,BSI,Công ty Cổ phần Chứng khoán BIDV,A+,17/12/2025,Dài hạn,1252
3,Công ty cổ phần Xếp hạng Tín nhiệm Đầu tư Việt Nam (VIS Ratings),Tổ chức phát hành,,TCOC,CTCP TẬP ĐOÀN TRƯỜNG HẢI,A-,24/12/2025,Dài hạn,1253
4,Công ty cổ phần Xếp hạng Tín nhiệm Đầu tư Việt Nam (VIS Ratings),Tổ chức phát hành,,BNCC,Công ty cổ phần dịch vụ cáp treo Bà Nà,BBB+,26/09/2025,Dài hạn,1096
5,Công ty cổ phần Xếp hạng Tín nhiệm Đầu tư Việt Nam (VIS Ratings),Tổ chức phát hành,,BNCC,Công ty cổ phần dịch vụ cáp treo Bà Nà,BBB+,26/09/2025,Dài hạn,1113
6,Công ty cổ phần Sài Gòn Phát Thịnh Ratings (Saigon Ratings),Tổ chức phát hành,,VDS,CTCP Chứng khoán Rồng Việt,vnBBB,02/01/2025,Dài hạn,331
7,Công ty cổ phần Sài Gòn Phát Thịnh Ratings (Saigon Ratings),Tổ chức phát hành,,VDS,CTCP Chứng khoán Rồng Việt,vnBBB,31/07/2025,Dài hạn,886
8,Công ty cổ phần Sài Gòn Phát Thịnh Ratings (Saigon Ratings),Tổ chức phát hành,,VDS,CTCP Chứng khoán Rồng Việt,vnBBB,31/01/2026,Dài hạn,1377
9,Công ty cổ phần FiinRatings (FiinRatings),Tổ chức phát hành,,MSB,Ngân hàng TMCP Hàng Hải Việt Nam,A,18/06/2025,Dài hạn,548
10,Moody's Ratings,Tổ chức phát hành,,MSB,Ngân hàng TMCP Hàng Hải Việt Nam,Ba3,26/11/2025,Dài hạn,1445
11,Công ty cổ phần Sài Gòn Phát Thịnh Ratings (Saigon Ratings),Tổ chức phát hành,,GSPC,CTCP In và Bao bì Goldsun,vnBBB-,30/10/2025,Dài hạn,1081
12,Công ty cổ phần FiinRatings (FiinRatings),Tổ chức phát hành,,APG,Công ty Cổ phần Chứng khoán APG,BB-,25/08/2025,Dài hạn,1112
13,Công ty cổ phần Sài Gòn Phát Thịnh Ratings (Saigon Ratings),Tổ chức phát hành,,TATC,CÔNG TY TNHH LIÊN DOANH ĐẦU TƯ XÂY DỰNG TAM TRINH,vnBB-,21/11/2025,Dài hạn,1103
14,Công ty cổ phần Sài Gòn Phát Thịnh Ratings (Saigon Ratings),Tổ chức phát hành,,AVTC,CÔNG TY TRÁCH NHIỆM HỮU HẠN ALLGREEN - VƯỢNG THÀNH - TRÙNG DƯƠNG,vnBB+,09/08/2024,Dài hạn,118
15,Công ty cổ phần Xếp hạng Tín nhiệm Đầu tư Việt Nam (VIS Ratings),Tổ chức phát hành,,TAUC,Công ty cổ phần Tasco Auto,BBB+,21/10/2025,Dài hạn,1034
16,Công ty cổ phần Sài Gòn Phát Thịnh Ratings (Saigon Ratings),Tổ chức phát hành,,HOSC,CÔNG TY TNHH HÓA CHẤT HYOSUNG VINA,vnB,20/04/2026,Dài hạn,1443
17,Công ty cổ phần Xếp hạng Tín nhiệm Đầu tư Việt Nam (VIS Ratings),Tổ chức phát hành,,ORS,Công ty Cổ phần Chứng khoán Tiên Phong,BBB,05/09/2025,Dài hạn,883
18,Công ty cổ phần Xếp hạng Tín nhiệm Đầu tư Việt Nam (VIS Ratings),Tổ chức phát hành,,ORS,Công ty Cổ phần Chứng khoán Tiên Phong,BBB+,08/04/2026,Dài hạn,1422
19,Công ty cổ phần Xếp hạng Tín nhiệm Đầu tư Việt Nam (VIS Ratings),Tổ chức phát hành,,LPB,Ngân hàng Thương mại Cổ phần Lộc Phát Việt Nam (tên cũ: Ngân hàng Thương mại cổ phần Bưu Điện Liên Việt),A+,08/05/2025,Dài hạn,746
20,Công ty cổ phần Xếp hạng Tín nhiệm Đầu tư Việt Nam (VIS Ratings),Tổ chức phát hành,,LPB,Ngân hàng Thương mại Cổ phần Lộc Phát Việt Nam (tên cũ: Ngân hàng Thương mại cổ phần Bưu Điện Liên Việt),A+,08/05/2026,Dài hạn,1542
21,Công ty cổ phần Sài Gòn Phát Thịnh Ratings (Saigon Ratings),Tổ chức phát hành,,HDRC,Công ty TNHH Đầu tư và Phát triển BĐS Hải Đăng,vnBB+,22/07/2025,Dài hạn,943
22,Công ty cổ phần FiinRatings (FiinRatings),Tổ chức phát hành,,THBC,CÔNG TY TNHH ĐẦU TƯ XÂY DỰNG THIÊN HÀ- BĂNG DƯƠNG,B,27/06/2024,Dài hạn,189
23,Công ty cổ phần FiinRatings (FiinRatings),Tổ chức phát hành,,F88C,Công ty cổ phần kinh doanh F88,BBB-,23/05/2024,Dài hạn,134
24,Công ty cổ phần FiinRatings (FiinRatings),Tổ chức phát hành,,F88C,Công ty cổ phần kinh doanh F88,BBB,10/10/2025,Dài hạn,1007
25,Công ty cổ phần FiinRatings (FiinRatings),Tổ chức phát hành,,F88C,Công ty cổ phần kinh doanh F88,BBB-,02/04/2025,Dài hạn,753
26,Công ty cổ phần FiinRatings (FiinRatings),Tổ chức phát hành,,ACB,Ngân hàng TMCP Á Châu,AA+,09/03/2025,Dài hạn,382
27,Công ty cổ phần FiinRatings (FiinRatings),Tổ chức phát hành,,ACB,Ngân hàng TMCP Á Châu,AA+,09/09/2025,Dài hạn,976
28,Công ty cổ phần FiinRatings (FiinRatings),Tổ chức phát hành,,ACB,Ngân hàng TMCP Á Châu,AA+,09/03/2026,Dài hạn,1567
29,Công ty cổ phần Xếp hạng Tín nhiệm Đầu tư Việt Nam (VIS Ratings),Tổ chức phát hành,,VND,Công ty Cổ phần Chứng khoán VNDirect,A-,14/05/2025,Dài hạn,793
30,Công ty cổ phần Xếp hạng Tín nhiệm Đầu tư Việt Nam (VIS Ratings),Tổ chức phát hành,,BCM,TẬP ĐOÀN ĐẦU TƯ VÀ PHÁT TRIỂN CÔNG NGHIỆP BECAMEX-CTCP (tên cũ: TỔNG CÔNG TY ĐẦU TƯ VÀ PHÁT TRIỂN CÔNG NGHIỆP - CTCP,A,01/08/2025,Dài hạn,761
31,Công ty cổ phần Xếp hạng Tín nhiệm Đầu tư Việt Nam (VIS Ratings),Tổ chức phát hành,,PKAC,CTCP Tập đoàn Phượng Hoàng Xanh A&A,A,16/09/2025,Dài hạn,1012
32,Công ty cổ phần FiinRatings (FiinRatings),Tổ chức phát hành,,DPQC,Công ty Cổ phần Đầu tư và Phát triển du lịch Phú Quốc,BB-,20/06/2025,Dài hạn,583
33,Công ty cổ phần Sài Gòn Phát Thịnh Ratings (Saigon Ratings),Tổ chức phát hành,,TRMC,CÔNG TY TNHH ĐẦU TƯ VÀ PHÁT TRIỂN BĐS TRƯỜNG MINH,vnBB,20/08/2025,Dài hạn,788
34,Công ty cổ phần Sài Gòn Phát Thịnh Ratings (Saigon Ratings),Tổ chức phát hành,,NEWC,Công ty cổ phần đầu tư và phát triển NEWCO,vnBB-,25/11/2024,Dài hạn,147
35,Công ty cổ phần Sài Gòn Phát Thịnh Ratings (Saigon Ratings),Tổ chức phát hành,,IDTC,Công ty cổ phần Phát triển Khu Công nghiệp và Đô thị Thủ Thừa (tên cũ: Công ty cổ phần IDTT),vnBBB,26/09/2025,Dài hạn,901
36,Công ty cổ phần Sài Gòn Phát Thịnh Ratings (Saigon Ratings),Tổ chức phát hành,,BHBC,CTCP NĂNG LƯỢNG BẮC HÀ,vnA-,31/03/2025,Dài hạn,749
37,Công ty cổ phần Sài Gòn Phát Thịnh Ratings (Saigon Ratings),Tổ chức phát hành,,BHBC,CTCP NĂNG LƯỢNG BẮC HÀ,vnA-,30/09/2025,Dài hạn,910
38,Công ty cổ phần Sài Gòn Phát Thịnh Ratings (Saigon Ratings),Tổ chức phát hành,,BHBC,CTCP NĂNG LƯỢNG BẮC HÀ,vnA-,31/03/2025,Dài hạn,1404
39,Công ty cổ phần FiinRatings (FiinRatings),Tổ chức phát hành,,TREC,CÔNG TY CỔ PHẦN NĂNG LƯỢNG TÁI TẠO TRUNG NAM,CCC,08/12/2025,Dài hạn,1154
40,Công ty cổ phần Sài Gòn Phát Thịnh Ratings (Saigon Ratings),Tổ chức phát hành,,TNQC,CÔNG TY CỔ PHẦN ĐẦU TƯ VÀ PHÁT TRIỂN HẠ TẦNG NAM QUANG,vnBBB-,10/10/2025,Dài hạn,978
41,Công ty cổ phần Sài Gòn Phát Thịnh Ratings (Saigon Ratings),Tổ chức phát hành,,TVRC,Công ty Cổ phần Đầu tư Phát triển Bất động sản Thành Vinh,vnBBB-,03/04/2025,Dài hạn,366
42,Công ty cổ phần Sài Gòn Phát Thịnh Ratings (Saigon Ratings),Tổ chức phát hành,,KHG,CTCP Tập Đoàn KHẢI HOÀN LAND,vnBBB-,16/12/2024,Dài hạn,696
43,Công ty cổ phần Sài Gòn Phát Thịnh Ratings (Saigon Ratings),Tổ chức phát hành,,KHG,CTCP Tập Đoàn KHẢI HOÀN LAND,vnBBB-,09/07/2025,Dài hạn,708
44,Công ty cổ phần FiinRatings (FiinRatings),Tổ chức phát hành,,DRGC,CTCP Đầu tư và Du lịch Vạn Hương,B,10/04/2025,Dài hạn,383
45,Công ty cổ phần Sài Gòn Phát Thịnh Ratings (Saigon Ratings),Tổ chức phát hành,,NWTC,CÔNG TY CỔ PHẦN ĐẦU TƯ XÂY DỰNG NEW TECH,vnBB,17/03/2025,Dài hạn,656
46,Công ty cổ phần Xếp hạng Tín nhiệm Đầu tư Việt Nam (VIS Ratings),Tổ chức phát hành,,FCN,CTCP FECON,BBB-,15/05/2026,Dài hạn,1521
47,Công ty cổ phần FiinRatings (FiinRatings),Tổ chức phát hành,,XKSC,Công ty TNHH Đảo Ngọc Xanh Kỳ Sơn,B-,10/07/2024,Dài hạn,271
48,Công ty cổ phần Sài Gòn Phát Thịnh Ratings (Saigon Ratings),Tổ chức phát hành,,TSOC,CÔNG TƯ CỔ PHẦN ĐẦU TƯ XÂY DỰNG THÁI SƠN,vnA-,30/09/2025,Dài hạn,951
49,Công ty cổ phần Sài Gòn Phát Thịnh Ratings (Saigon Ratings),Tổ chức phát hành,,TSOC,CÔNG TƯ CỔ PHẦN ĐẦU TƯ XÂY DỰNG THÁI SƠN,vnA-,30/03/2026,Dài hạn,1406
50,Công ty cổ phần Xếp hạng Tín nhiệm Đầu tư Việt Nam (VIS Ratings),Tổ chức phát hành,,MSFC,Công ty Tài chính tín dụng tiêu dùng TNHH MB Shinsei (Tên cũ: Công ty Tài chính TNHH MB Shinsei),A-,12/06/2025,Dài hạn,526
51,Công ty cổ phần FiinRatings (FiinRatings),Tổ chức phát hành,,VPI,CTCP Phát triển Bất động sản Văn Phú (tên cũ: CTCP Đầu tư Văn Phú - Invest),BB+,03/03/2025,Dài hạn,987
52,Công ty cổ phần FiinRatings (FiinRatings),Tổ chức phát hành,,VPI,CTCP Phát triển Bất động sản Văn Phú (tên cũ: CTCP Đầu tư Văn Phú - Invest),BB+,15/04/2026,Dài hạn,1437
53,Moody's Ratings,Tổ chức phát hành,,EVF,Công ty Tài chính Tổng hợp Cổ phần Điện Lực (Tên cũ: Công ty Tài chính cổ phần Điện Lực),B2,30/05/2025,Dài hạn,907
54,Công ty cổ phần Xếp hạng Tín nhiệm Đầu tư Việt Nam (VIS Ratings),Tổ chức phát hành,,OCB,Ngân hàng TMCP Phương Đông,A+,15/05/2025,Dài hạn,429
55,Công ty Cổ phần xếp hạng tín nhiệm S&I,Tổ chức phát hành,,OCB,Ngân hàng TMCP Phương Đông,A+,10/03/2025,Dài hạn,464
56,Công ty cổ phần Sài Gòn Phát Thịnh Ratings (Saigon Ratings),Tổ chức phát hành,,CBTC,Công ty cổ phần Crystal Bay Việt Nam,vnBB,13/06/2025,Dài hạn,590
57,Công ty cổ phần Xếp hạng Tín nhiệm Đầu tư Việt Nam (VIS Ratings),Tổ chức phát hành,,TVS,Công ty Cổ phần Chứng khoán Thiên Việt,A-,16/12/2025,Dài hạn,1222
58,Công ty cổ phần FiinRatings (FiinRatings),Tổ chức phát hành,,TCB,Ngân hàng TMCP Kỹ thương Việt Nam,AA-,24/12/2024,Dài hạn,384
59,Công ty cổ phần Sài Gòn Phát Thịnh Ratings (Saigon Ratings),Tổ chức phát hành,,RECC,Công ty TNHH Năng lượng tái tạo,vnBB,21/12/2024,Dài hạn,236
60,Công ty cổ phần Xếp hạng Tín nhiệm Đầu tư Việt Nam (VIS Ratings),Tổ chức phát hành,,SHS,Công ty Cổ phần chứng khoán Sài Gòn - Hà Nội,A,02/10/2025,Dài hạn,949
61,Công ty cổ phần Sài Gòn Phát Thịnh Ratings (Saigon Ratings),Tổ chức phát hành,,IPA,CTCP Tập đoàn Đầu tư I.P.A,vnBBB+,13/12/2024,Dài hạn,212
62,Công ty cổ phần Sài Gòn Phát Thịnh Ratings (Saigon Ratings),Tổ chức phát hành,,IPA,CTCP Tập đoàn Đầu tư I.P.A,vnA-,16/05/2025,Dài hạn,916
63,Công ty cổ phần Sài Gòn Phát Thịnh Ratings (Saigon Ratings),Tổ chức phát hành,,IPA,CTCP Tập đoàn Đầu tư I.P.A,vnA-,14/11/2025,Dài hạn,1381
64,Công ty cổ phần FiinRatings (FiinRatings),Tổ chức phát hành,,VEBC,CÔNG TY TNHH VERDANT VIETNAM BRAVO,BB+,09/06/2026,Dài hạn,1647
65,Công ty cổ phần FiinRatings (FiinRatings),Tổ chức phát hành,,VEVC,CÔNG TY TNHH VERDANT VIETNAM CRYSTAL,BB+,09/06/2026,Dài hạn,1648
66,Công ty cổ phần Sài Gòn Phát Thịnh Ratings (Saigon Ratings),Tổ chức phát hành,,HDMC,Công ty Cổ phần Tổng công ty Đầu tư và Quản lý Tài sản HD,vnBB+,27/12/2024,Dài hạn,263
67,Công ty cổ phần Sài Gòn Phát Thịnh Ratings (Saigon Ratings),Tổ chức phát hành,,HDMC,Công ty Cổ phần Tổng công ty Đầu tư và Quản lý Tài sản HD,vnBBB,14/01/2026,Dài hạn,1332
68,Công ty cổ phần Sài Gòn Phát Thịnh Ratings (Saigon Ratings),Tổ chức phát hành,,CICC,CÔNG TY TNHH XÂY DỰNG HẠ TẦNG CRYSTAL,vnBB,09/07/2026,Dài hạn,1752
69,Công ty Cổ phần xếp hạng tín nhiệm S&I,Tổ chức phát hành,,ECFC,CÔNG TY CỔ PHẦN CÔNG NGHỆ TÀI CHÍNH ENCAPITAL,BBB,28/11/2025,Dài hạn,1135
70,Công ty cổ phần Xếp hạng Tín nhiệm Đầu tư Việt Nam (VIS Ratings),Tổ chức phát hành,,ABB,Ngân hàng TMCP An Bình (ABBANK),A-,21/10/2024,Dài hạn,497
71,Công ty cổ phần Xếp hạng Tín nhiệm Đầu tư Việt Nam (VIS Ratings),Tổ chức phát hành,,ABB,Ngân hàng TMCP An Bình (ABBANK),A-,22/10/2025,Dài hạn,1001
72,Công ty cổ phần FiinRatings (FiinRatings),Tổ chức phát hành,,TPNC,CÔNG TY CỔ PHẦN LOGISTICS NÔNG SẢN XUẤT KHẨU TÂY NGUYÊN,B-,16/06/2025,Dài hạn,569
73,Công ty cổ phần Sài Gòn Phát Thịnh Ratings (Saigon Ratings),Tổ chức phát hành,,SGXC,Công ty Cổ phần Xuất nhập khẩu Sài Gòn Xanh,vnBB,27/12/2024,Dài hạn,272
74,Công ty cổ phần Sài Gòn Phát Thịnh Ratings (Saigon Ratings),Tổ chức phát hành,,SGXC,Công ty Cổ phần Xuất nhập khẩu Sài Gòn Xanh,vnBB,21/05/2025,Dài hạn,538
75,Công ty cổ phần Sài Gòn Phát Thịnh Ratings (Saigon Ratings),Tổ chức phát hành,,ES1C,CTCP EA SÚP 1,vnBBB,12/06/2026,Dài hạn,1637
76,Công ty cổ phần Sài Gòn Phát Thịnh Ratings (Saigon Ratings),Tổ chức phát hành,,LVCC,Công ty TNHH Lạc Việt Quy Nhơn,vnBBB-,11/05/2026,Dài hạn,1557
77,Công ty cổ phần Sài Gòn Phát Thịnh Ratings (Saigon Ratings),Tổ chức phát hành,,SUHC,CÔNG TY TNHH MẶT TRỜI HÒA BÌNH,vnBBB,08/12/2025,Dài hạn,1206
78,Công ty cổ phần Sài Gòn Phát Thịnh Ratings (Saigon Ratings),Tổ chức phát hành,,VIOC,CÔNG TY TNHH MTV VIPICO,vnBBB-,16/10/2025,Dài hạn,991
79,Công ty cổ phần Sài Gòn Phát Thịnh Ratings (Saigon Ratings),Tổ chức phát hành,,CSPC,Công ty TNHH Công Nghiệp - Bất Động Sản và Xây Dựng Song Phương,vnBBB-,08/07/2024,Dài hạn,326
80,Công ty cổ phần Sài Gòn Phát Thịnh Ratings (Saigon Ratings),Tổ chức phát hành,,CSPC,Công ty TNHH Công Nghiệp - Bất Động Sản và Xây Dựng Song Phương,vnBBB-,24/01/2025,Dài hạn,327
81,Công ty cổ phần Sài Gòn Phát Thịnh Ratings (Saigon Ratings),Tổ chức phát hành,,TOCC,Công ty cổ phần Tư vấn và Kinh doanh bất động sản TCO,vnBB-,06/11/2024,Dài hạn,240
82,Công ty cổ phần Sài Gòn Phát Thịnh Ratings (Saigon Ratings),Tổ chức phát hành,,TOCC,Công ty cổ phần Tư vấn và Kinh doanh bất động sản TCO,vnBB-,12/05/2025,Dài hạn,564
83,Công ty cổ phần Xếp hạng Tín nhiệm Đầu tư Việt Nam (VIS Ratings),Tổ chức phát hành,,AQ1C,CÔNG TY CỔ PHẦN NƯỚC AQUA ONE,BBB+,24/12/2025,Dài hạn,1226
84,Công ty cổ phần Sài Gòn Phát Thịnh Ratings (Saigon Ratings),Tổ chức phát hành,,TDLC,CÔNG TY CỔ PHẦN TANDOLAND,vnB+,14/04/2026,Dài hạn,1591
85,Moody's Ratings,Tổ chức phát hành,,NAB,Ngân hàng Thương mại Cổ phần Nam Á,B2,12/02/2026,Dài hạn,1405
86,Công ty cổ phần FiinRatings (FiinRatings),Tổ chức phát hành,,VMHC,"CÔNG TY CỔ PHẦN XÂY DỰNG, ĐẦU TƯ BẤT ĐỘNG SẢN VIỆT MINH HOÀNG",BB,07/05/2025,Dài hạn,444
87,Công ty cổ phần FiinRatings (FiinRatings),Tổ chức phát hành,,TCXC,CTCP chứng khoán Kỹ thương,AA-,04/06/2025,Dài hạn,511
88,Công ty cổ phần FiinRatings (FiinRatings),Tổ chức phát hành,,HCMC,CÔNG TY TNHH HOÀNG TRÚC MY,B,17/05/2024,Dài hạn,109
89,Công ty Cổ phần xếp hạng tín nhiệm S&I,Tổ chức phát hành,,PCCC,Công ty Trách Nhiệm Hữu Hạn Xây dựng dân dụng Phú Quốc,BB+,24/03/2026,Dài hạn,1392
90,Công ty cổ phần Sài Gòn Phát Thịnh Ratings (Saigon Ratings),Tổ chức phát hành,,NTJC,Công ty Cổ phần Thời Đại Mới T&T,vnBB+,18/09/2025,Dài hạn,921
91,Công ty cổ phần Sài Gòn Phát Thịnh Ratings (Saigon Ratings),Tổ chức phát hành,,NTJC,Công ty Cổ phần Thời Đại Mới T&T,vnBB+,18/03/2026,Dài hạn,1396
92,Công ty cổ phần Sài Gòn Phát Thịnh Ratings (Saigon Ratings),Tổ chức phát hành,,STIC,CÔNG TY CỔ PHẦN THƯƠNG MẠI VÀ DỊCH VỤ QUỐC TẾ THISO,vnA-1,18/11/2025,Ngắn hạn,1194
93,Công ty cổ phần Sài Gòn Phát Thịnh Ratings (Saigon Ratings),Tổ chức phát hành,,ATHC,CÔNG TY TNHH DỊCH VỤ THƯƠNG MẠI TỔNG HỢP AN THỊNH,vnBB,25/11/2024,Dài hạn,156
94,Công ty cổ phần Sài Gòn Phát Thịnh Ratings (Saigon Ratings),Tổ chức phát hành,,ATHC,CÔNG TY TNHH DỊCH VỤ THƯƠNG MẠI TỔNG HỢP AN THỊNH,vnBB,21/05/2025,Dài hạn,563
95,Công ty cổ phần FiinRatings (FiinRatings),Tổ chức phát hành,,VCP,Công ty cổ phần xây dựng và năng lượng VCP,A-,15/12/2025,Dài hạn,1201
96,Công ty cổ phần FiinRatings (FiinRatings),Tổ chức phát hành,,VIB,Ngân hàng TMCP Quốc tế Việt Nam,A,12/04/2024,Dài hạn,261
97,Công ty cổ phần FiinRatings (FiinRatings),Tổ chức phát hành,,VIB,Ngân hàng TMCP Quốc tế Việt Nam,A,09/12/2024,Dài hạn,288
98,Công ty cổ phần FiinRatings (FiinRatings),Tổ chức phát hành,,VIB,Ngân hàng TMCP Quốc tế Việt Nam,A,12/04/2025,Dài hạn,795
99,Công ty cổ phần Sài Gòn Phát Thịnh Ratings (Saigon Ratings),Tổ chức phát hành,,AVNC,CÔNG TY CỔ PHẦN AAC VIỆT NAM,vnBBB-,08/04/2025,Dài hạn,367
100,Công ty cổ phần FiinRatings (FiinRatings),Tổ chức phát hành,,PSI,Công ty Cổ phần Chứng khoán Dầu khí,BB+,27/05/2025,Dài hạn,1258
101,Công ty cổ phần Sài Gòn Phát Thịnh Ratings (Saigon Ratings),Tổ chức phát hành,,VJC,CÔNG TY CỔ PHẦN HÀNG KHÔNG VIETJET,vnBBB-,26/12/2024,Dài hạn,351
102,Công ty cổ phần Sài Gòn Phát Thịnh Ratings (Saigon Ratings),Tổ chức phát hành,,VJC,CÔNG TY CỔ PHẦN HÀNG KHÔNG VIETJET,vnBBB,10/09/2025,Dài hạn,1032
103,Công ty cổ phần Sài Gòn Phát Thịnh Ratings (Saigon Ratings),Tổ chức phát hành,,TN1,Công ty cổ phần ROX KEY HOLDINGS,vnA-,28/11/2024,Dài hạn,208
104,Công ty cổ phần Sài Gòn Phát Thịnh Ratings (Saigon Ratings),Tổ chức phát hành,,HLSC,CÔNG TY TNHH MẶT TRỜI HẠ LONG,vnBBB+,03/07/2025,Dài hạn,632
105,Công ty cổ phần Sài Gòn Phát Thịnh Ratings (Saigon Ratings),Tổ chức phát hành,,IHPC,CÔNG TY TNHH HƯNG PHÁT INVEST HÀ NỘI,vnBB+,19/09/2025,Dài hạn,931
106,Công ty cổ phần Sài Gòn Phát Thịnh Ratings (Saigon Ratings),Tổ chức phát hành,,IHPC,CÔNG TY TNHH HƯNG PHÁT INVEST HÀ NỘI,vnBB+,17/03/2026,Dài hạn,1597
107,Công ty cổ phần Xếp hạng Tín nhiệm Đầu tư Việt Nam (VIS Ratings),Tổ chức phát hành,,MBS,Công ty Cổ phần Chứng khoán MB,A+,15/05/2025,Dài hạn,885
108,Công ty cổ phần Xếp hạng Tín nhiệm Đầu tư Việt Nam (VIS Ratings),Tổ chức phát hành,,VLHC,CÔNG TY CỔ PHẦN VINALIVING HOLDINGS,BBB+,23/12/2025,Dài hạn,1229
109,Công ty cổ phần Sài Gòn Phát Thịnh Ratings (Saigon Ratings),Tổ chức phát hành,,THLC,CÔNG TY TNHH THĂNG LONG,vnBB,03/04/2026,Dài hạn,1441
110,Công ty cổ phần Sài Gòn Phát Thịnh Ratings (Saigon Ratings),Tổ chức phát hành,,THLC,CÔNG TY TNHH THĂNG LONG,vnBB,04/05/2026,Dài hạn,1482
111,Công ty cổ phần Sài Gòn Phát Thịnh Ratings (Saigon Ratings),Tổ chức phát hành,,MARC,Công ty TNHH Đầu tư Marina Center,vnBBB+,15/09/2025,Dài hạn,855
112,Công ty cổ phần Xếp hạng Tín nhiệm Đầu tư Việt Nam (VIS Ratings),Tổ chức phát hành,,GPHC,CÔNG TY TNHH GREENLAND PHỐ HOA,BB-,16/06/2026,Dài hạn,1636
113,Công ty cổ phần FiinRatings (FiinRatings),Tổ chức phát hành,,VIC,TẬP ĐOÀN VINGROUP - CÔNG TY CP,A-,25/09/2025,Dài hạn,897
114,Công ty cổ phần Xếp hạng Tín nhiệm Đầu tư Việt Nam (VIS Ratings),Tổ chức phát hành,,UPSC,Công ty cổ phần chứng khoán UP (tên cũ:Công ty cổ phần chứng khoán Quốc tế Hoàng Gia),BBB-,15/05/2025,Dài hạn,929
115,Công ty cổ phần Xếp hạng Tín nhiệm Đầu tư Việt Nam (VIS Ratings),Tổ chức phát hành,,SGR,Công ty Cổ phần Tổng Công ty Cổ phần Địa ốc Sài Gòn,BBB+,05/12/2025,Dài hạn,1243
116,Công ty cổ phần Sài Gòn Phát Thịnh Ratings (Saigon Ratings),Tổ chức phát hành,,VPL,CTCP VINPEARL,vnA+,20/04/2026,Dài hạn,1573
117,Công ty Cổ phần Xếp hạng Tín nhiệm Thiên Minh,Tổ chức phát hành,,BPSC,Công ty Cổ phần Bất động sản Bcons PS,BB,01/04/2026,Dài hạn,1427
118,Công ty cổ phần Sài Gòn Phát Thịnh Ratings (Saigon Ratings),Tổ chức phát hành,,LOCC,Công ty Cổ phần Thương mại Xuất nhập khẩu Tam Tài Lộc,vnBB-,25/02/2026,Dài hạn,1446
119,Công ty cổ phần Sài Gòn Phát Thịnh Ratings (Saigon Ratings),Tổ chức phát hành,,DTPC,Công Ty Cổ Phần Phát Triển Khu Công Nghệ Thông Tin Đà Nẵng,vnB,29/06/2026,Dài hạn,1689
120,Công ty cổ phần Sài Gòn Phát Thịnh Ratings (Saigon Ratings),Tổ chức phát hành,,MADC,CÔNG TY CỔ PHẦN ĐẦU TƯ VÀ PHÁT TRIỂN BẤT ĐỘNG SẢN MINH AN,vnBB+,25/02/2026,Dài hạn,1444
121,Công ty cổ phần FiinRatings (FiinRatings),Tổ chức phát hành,,BAB,Ngân hàng Thương Mại Cổ Phần Bắc Á,A-,01/04/2025,Dài hạn,427
122,Công ty cổ phần FiinRatings (FiinRatings),Tổ chức phát hành,,BAB,Ngân hàng Thương Mại Cổ Phần Bắc Á,A-,01/10/2025,Dài hạn,1066
123,Công ty cổ phần Sài Gòn Phát Thịnh Ratings (Saigon Ratings),Tổ chức phát hành,,DQMC,CÔNG TY CỔ PHẦN ĐẦU TƯ ĐỊA ỐC ĐẠI QUANG MINH,vnA,17/12/2025,Dài hạn,1216
124,Công ty cổ phần Sài Gòn Phát Thịnh Ratings (Saigon Ratings),Tổ chức phát hành,,P53C,CÔNG TY TNHH PARKLAND 53,vnBB-,25/06/2026,Dài hạn,1672
125,Công ty cổ phần Sài Gòn Phát Thịnh Ratings (Saigon Ratings),Tổ chức phát hành,,AGHC,CÔNG TY TNHH PHÁT TRIỂN BẤT ĐỘNG SẢN AN GIA HƯNG,vnB-,20/04/2026,Dài hạn,1451
126,Công ty cổ phần Xếp hạng Tín nhiệm Đầu tư Việt Nam (VIS Ratings),Tổ chức phát hành,,STAC,CÔNG TY TNHH ĐẦU TƯ STARBAY HÀ NỘI,BB-,23/06/2026,Dài hạn,1666
127,Công ty cổ phần FiinRatings (FiinRatings),Tổ chức phát hành,,XMHC,Công ty TNHH TRUYỀN DẪN NƯỚC SẠCH XUÂN MAI - HÀ NỘI,BB,02/04/2025,Dài hạn,361
128,Công ty cổ phần Sài Gòn Phát Thịnh Ratings (Saigon Ratings),Tổ chức phát hành,,SGRC,Công Ty Trách Nhiệm Hữu Hạn Phát Triển Bất Động Sản Nhà Sài Gòn,vnB-,27/09/2024,Dài hạn,1
129,Công ty cổ phần Sài Gòn Phát Thịnh Ratings (Saigon Ratings),Tổ chức phát hành,,HULC,Công ty cổ phần phát triển Bất động sản Hưng Long,vnBB,25/06/2026,Dài hạn,1676
130,Công ty cổ phần Sài Gòn Phát Thịnh Ratings (Saigon Ratings),Tổ chức phát hành,,CII,CTCP Đầu tư Hạ tầng Kỹ thuật Thành phố Hồ Chí Minh,vnAA-,20/11/2025,Dài hạn,1213
131,Công ty cổ phần Sài Gòn Phát Thịnh Ratings (Saigon Ratings),Tổ chức phát hành,,VHM,CTCP VINHOMES,vnAA,06/05/2026,Dài hạn,1496
132,Công ty cổ phần FiinRatings (FiinRatings),Tổ chức phát hành,,VHM,CTCP VINHOMES,A,05/12/2025,Dài hạn,1242
133,Công ty cổ phần Sài Gòn Phát Thịnh Ratings (Saigon Ratings),Tổ chức phát hành,,SBT,Công ty cổ phần Thành Thành công - Biên Hòa,vnA+,24/04/2025,Dài hạn,585
134,Công ty cổ phần FiinRatings (FiinRatings),Tổ chức phát hành,,BP1C,CÔNG TY CỔ PHẦN TẬP ĐOÀN NHỰA BÌNH THUẬN,BBB-,01/12/2025,Dài hạn,1134
135,Công ty cổ phần Sài Gòn Phát Thịnh Ratings (Saigon Ratings),Tổ chức phát hành,,BHDC,Công ty cổ phần Huy Dương Group,vnBB-,16/07/2024,Dài hạn,275
136,Công ty cổ phần Xếp hạng Tín nhiệm Đầu tư Việt Nam (VIS Ratings),Tổ chức phát hành,,TPB,Ngân hàng Thương mại cổ phần Tiên Phong,AA-,21/05/2025,Dài hạn,453
137,Công ty cổ phần Xếp hạng Tín nhiệm Đầu tư Việt Nam (VIS Ratings),Tổ chức phát hành,,TPB,Ngân hàng Thương mại cổ phần Tiên Phong,AA-,22/05/2026,Dài hạn,1602
138,Công ty cổ phần Sài Gòn Phát Thịnh Ratings (Saigon Ratings),Tổ chức phát hành,,VSBC,CÔNG TY CỔ PHẦN DỊCH VỤ ĐIỆN TỬ VIỆT,vnBBB,29/06/2026,Dài hạn,1698
139,Công ty cổ phần Sài Gòn Phát Thịnh Ratings (Saigon Ratings),Tổ chức phát hành,,PDAC,Công ty TNHH Đầu tư và phát triển bất động sản Phát Đạt,vnBB+,18/12/2025,Dài hạn,1236
140,Công ty cổ phần FiinRatings (FiinRatings),Tổ chức phát hành,,HDB,NH TMCP Phát triển thành phố Hồ Chí Minh ( HDBANK),A,29/03/2024,Dài hạn,59
141,Công ty cổ phần FiinRatings (FiinRatings),Tổ chức phát hành,,HDB,NH TMCP Phát triển thành phố Hồ Chí Minh ( HDBANK),A,29/09/2025,Dài hạn,1193
142,Công ty cổ phần FiinRatings (FiinRatings),Tổ chức phát hành,,HDB,NH TMCP Phát triển thành phố Hồ Chí Minh ( HDBANK),A,29/03/2025,Dài hạn,836
143,Công ty cổ phần FiinRatings (FiinRatings),Tổ chức phát hành,,HDB,NH TMCP Phát triển thành phố Hồ Chí Minh ( HDBANK),A,29/03/2026,Dài hạn,1568
144,Công ty cổ phần FiinRatings (FiinRatings),Tổ chức phát hành,,TNDC,CTCP PHÁT TRIỂN TN,B,03/10/2025,Dài hạn,981
145,Công ty cổ phần FiinRatings (FiinRatings),Tổ chức phát hành,,HCVC,CÔNG TY TÀI CHÍNH TRÁCH NHIỆM HỮU HẠN MỘT THÀNH VIÊN HOME CREDIT VIỆT NAM,A,25/04/2026,Dài hạn,1576
146,Công ty cổ phần Sài Gòn Phát Thịnh Ratings (Saigon Ratings),Trái phiếu,CII12503,CII,CTCP Đầu tư Hạ tầng Kỹ thuật Thành phố Hồ Chí Minh,vnA+,31/12/2025,Dài hạn,1331
147,Công ty cổ phần Sài Gòn Phát Thịnh Ratings (Saigon Ratings),Trái phiếu,CII12504,CII,CTCP Đầu tư Hạ tầng Kỹ thuật Thành phố Hồ Chí Minh,vnAA-,31/12/2025,Dài hạn,1386
148,Công ty cổ phần FiinRatings (FiinRatings),Trái phiếu,TND12501,TNDC,CTCP PHÁT TRIỂN TN,BB-,31/10/2025,Dài hạn,1035
